group,value,label
1964,0.0,Adak
1965,51.9,Adak
1966,44.4,Adak
1967,30.8,Adak
1968,29.7,Adak
1969,59.0,Adak
1970,47.3,Adak
1971,12.0,Adak
1972,-5.7,Adak
1973,1.2,Adak
1974,47.4,Adak
1975,-7.5,Adak
1976,-3.5,Adak
1977,55.7,Adak
1978,24.4,Adak
1979,-24.2,Adak
1980,-6.8,Adak
1981,15.0,Adak
1982,-21.4,Adak
1983,24.7,Adak
1984,-1.8,Adak
1985,-26.9,Adak
1986,36.5,Adak
1987,54.4,Adak
1988,58.0,Adak
1989,-25.6,Adak
1990,-31.5,Adak
1991,5.5,Adak
1992,10.6,Adak
1993,20.2,Adak
1994,-36.6,Adak
1995,-4.0,Adak
1996,-28.2,Adak
1997,28.5,Adak
1998,14.1,Adak
1999,-65.1,Adak
2000,-32.2,Adak
2001,-58.2,Adak
2002,-59.4,Adak
2003,-45.3,Adak
2004,-41.9,Adak
2005,-22.6,Adak
2006,-86.6,Adak
2007,-71.0,Adak
2008,-96.7,Adak
2009,-68.4,Adak
2010,-71.2,Adak
2011,-63.6,Adak
2012,-123.2,Adak
2013,-114.3,Adak
2014,-26.9,Adak
1964,0.0,Astoria (Tongue Point)
1965,50.1,Astoria (Tongue Point)
1966,5.4,Astoria (Tongue Point)
1967,17.2,Astoria (Tongue Point)
1968,28.5,Astoria (Tongue Point)
1969,64.4,Astoria (Tongue Point)
1970,-11.7,Astoria (Tongue Point)
1971,51.2,Astoria (Tongue Point)
1972,85.6,Astoria (Tongue Point)
1973,-21.7,Astoria (Tongue Point)
1974,47.3,Astoria (Tongue Point)
1975,-3.8,Astoria (Tongue Point)
1976,10.3,Astoria (Tongue Point)
1977,-43.8,Astoria (Tongue Point)
1978,-3.2,Astoria (Tongue Point)
1979,-26.8,Astoria (Tongue Point)
1980,-10.7,Astoria (Tongue Point)
1981,28.6,Astoria (Tongue Point)
1982,95.6,Astoria (Tongue Point)
1983,145.2,Astoria (Tongue Point)
1984,58.3,Astoria (Tongue Point)
1985,-63.4,Astoria (Tongue Point)
1986,14.8,Astoria (Tongue Point)
1987,-11.6,Astoria (Tongue Point)
1988,-55.3,Astoria (Tongue Point)
1989,-48.2,Astoria (Tongue Point)
1990,7.8,Astoria (Tongue Point)
1991,-4.0,Astoria (Tongue Point)
1992,14.6,Astoria (Tongue Point)
1993,1.5,Astoria (Tongue Point)
1994,-8.1,Astoria (Tongue Point)
1995,67.5,Astoria (Tongue Point)
1996,79.1,Astoria (Tongue Point)
1997,150.1,Astoria (Tongue Point)
1998,77.6,Astoria (Tongue Point)
1999,34.0,Astoria (Tongue Point)
2000,-25.3,Astoria (Tongue Point)
2001,-72.7,Astoria (Tongue Point)
2002,-19.1,Astoria (Tongue Point)
2003,20.2,Astoria (Tongue Point)
2004,1.2,Astoria (Tongue Point)
2005,1.5,Astoria (Tongue Point)
2006,51.4,Astoria (Tongue Point)
2007,-28.6,Astoria (Tongue Point)
2008,-19.3,Astoria (Tongue Point)
2009,-9.0,Astoria (Tongue Point)
2010,38.6,Astoria (Tongue Point)
2011,45.1,Astoria (Tongue Point)
2012,86.3,Astoria (Tongue Point)
2013,-48.8,Astoria (Tongue Point)
2014,76.8,Astoria (Tongue Point)
1964,0.0,Atlantic City
1965,-3.6,Atlantic City
1966,-14.2,Atlantic City
1967,29.7,Atlantic City
1968,35.5,Atlantic City
1969,81.1,Atlantic City
1971,113.3,Atlantic City
1972,109.6,Atlantic City
1973,113.2,Atlantic City
1974,91.4,Atlantic City
1975,90.6,Atlantic City
1976,11.3,Atlantic City
1977,15.2,Atlantic City
1978,64.5,Atlantic City
1979,42.9,Atlantic City
1980,55.7,Atlantic City
1981,49.7,Atlantic City
1982,87.2,Atlantic City
1983,146.1,Atlantic City
1984,129.7,Atlantic City
1985,100.2,Atlantic City
1986,123.9,Atlantic City
1987,146.1,Atlantic City
1988,88.8,Atlantic City
1989,90.6,Atlantic City
1990,87.5,Atlantic City
1991,155.8,Atlantic City
1992,189.5,Atlantic City
1993,200.6,Atlantic City
1994,85.2,Atlantic City
1995,113.7,Atlantic City
1996,206.8,Atlantic City
1997,193.6,Atlantic City
1998,228.4,Atlantic City
1999,182.4,Atlantic City
2000,157.3,Atlantic City
2001,178.0,Atlantic City
2002,192.6,Atlantic City
2003,173.8,Atlantic City
2004,180.7,Atlantic City
2005,236.5,Atlantic City
2006,212.2,Atlantic City
2007,177.3,Atlantic City
2008,202.8,Atlantic City
2009,247.6,Atlantic City
2010,279.8,Atlantic City
2011,269.9,Atlantic City
2012,259.5,Atlantic City
2013,209.6,Atlantic City
2014,235.2,Atlantic City
1964,0.0,Boston
1965,1.8,Boston
1966,13.5,Boston
1967,27.6,Boston
1968,18.7,Boston
1969,61.2,Boston
1970,43.4,Boston
1971,55.5,Boston
1972,77.3,Boston
1973,76.5,Boston
1974,40.6,Boston
1975,50.7,Boston
1976,13.8,Boston
1977,47.9,Boston
1978,50.6,Boston
1979,20.1,Boston
1980,17.9,Boston
1981,35.9,Boston
1982,19.4,Boston
1983,97.2,Boston
1984,72.5,Boston
1985,67.2,Boston
1986,47.9,Boston
1987,67.0,Boston
1988,34.1,Boston
1989,27.2,Boston
1990,37.6,Boston
1991,75.3,Boston
1992,70.1,Boston
1993,81.8,Boston
1994,31.4,Boston
1995,71.1,Boston
1996,128.3,Boston
1997,116.9,Boston
1998,136.2,Boston
1999,84.8,Boston
2000,86.5,Boston
2001,82.6,Boston
2002,82.1,Boston
2003,104.4,Boston
2004,109.5,Boston
2005,163.8,Boston
2006,147.1,Boston
2007,110.7,Boston
2008,131.8,Boston
2009,168.1,Boston
2010,229.8,Boston
2011,191.2,Boston
2012,173.4,Boston
2013,164.8,Boston
2014,165.9,Boston
1964,0.0,Charleston
1965,1.9,Charleston
1966,34.1,Charleston
1967,36.4,Charleston
1968,20.9,Charleston
1969,53.7,Charleston
1970,60.2,Charleston
1971,68.1,Charleston
1972,105.8,Charleston
1973,147.2,Charleston
1974,99.5,Charleston
1975,118.3,Charleston
1976,41.9,Charleston
1977,54.3,Charleston
1978,72.0,Charleston
1979,52.4,Charleston
1980,65.3,Charleston
1981,39.2,Charleston
1982,76.5,Charleston
1983,142.9,Charleston
1984,113.9,Charleston
1985,104.6,Charleston
1986,124.0,Charleston
1987,104.1,Charleston
1988,68.8,Charleston
1989,68.2,Charleston
1990,90.3,Charleston
1991,170.4,Charleston
1992,148.7,Charleston
1993,140.6,Charleston
1994,130.4,Charleston
1995,184.6,Charleston
1996,98.8,Charleston
1997,157.0,Charleston
1998,128.1,Charleston
1999,198.2,Charleston
2000,168.2,Charleston
2001,133.7,Charleston
2002,149.4,Charleston
2003,129.9,Charleston
2004,112.9,Charleston
2005,183.5,Charleston
2006,138.6,Charleston
2007,169.8,Charleston
2008,145.6,Charleston
2009,184.0,Charleston
2010,159.4,Charleston
2011,159.5,Charleston
2012,202.5,Charleston
2013,202.5,Charleston
2014,259.9,Charleston
1964,0.0,Cordova
1965,-19.7,Cordova
1966,45.7,Cordova
1967,27.7,Cordova
1968,79.8,Cordova
1970,67.9,Cordova
1971,64.0,Cordova
1972,49.2,Cordova
1973,81.2,Cordova
1974,112.2,Cordova
1978,206.1,Cordova
1979,139.4,Cordova
1980,174.5,Cordova
1981,194.3,Cordova
1982,143.9,Cordova
1983,235.8,Cordova
1984,226.5,Cordova
1985,132.1,Cordova
1986,198.2,Cordova
1987,266.0,Cordova
1988,263.2,Cordova
1989,162.0,Cordova
1990,190.2,Cordova
1991,205.0,Cordova
1992,276.2,Cordova
1993,215.2,Cordova
1994,231.8,Cordova
1995,218.0,Cordova
1996,165.5,Cordova
1997,263.7,Cordova
1998,239.1,Cordova
1999,228.6,Cordova
2000,218.0,Cordova
2001,258.9,Cordova
2002,212.9,Cordova
2003,254.9,Cordova
2004,221.7,Cordova
2005,264.6,Cordova
2006,260.5,Cordova
2007,212.5,Cordova
2008,223.4,Cordova
2009,175.2,Cordova
2010,247.8,Cordova
2011,188.4,Cordova
2012,227.5,Cordova
2013,141.9,Cordova
2014,237.4,Cordova
1964,0.0,Crescent City
1965,49.5,Crescent City
1966,4.7,Crescent City
1967,-8.2,Crescent City
1968,0.0999999999999,Crescent City
1969,32.2,Crescent City
1970,-7.1,Crescent City
1971,-45.8,Crescent City
1972,27.7,Crescent City
1973,-18.8,Crescent City
1974,-24.6,Crescent City
1975,-67.7,Crescent City
1976,-32.9,Crescent City
1977,-34.9,Crescent City
1978,-1.8,Crescent City
1979,40.8,Crescent City
1980,-12.6,Crescent City
1981,-15.5,Crescent City
1982,36.2,Crescent City
1983,120.6,Crescent City
1984,-15.1,Crescent City
1985,-64.8,Crescent City
1986,-5.2,Crescent City
1987,-33.7,Crescent City
1988,-82.2,Crescent City
1989,-51.1,Crescent City
1990,-41.9,Crescent City
1991,-25.1,Crescent City
1992,61.0,Crescent City
1993,34.4,Crescent City
1994,-20.2,Crescent City
1995,26.9,Crescent City
1996,-15.6,Crescent City
1997,12.7,Crescent City
1998,17.9,Crescent City
1999,-72.2,Crescent City
2000,-54.9,Crescent City
2001,-77.3,Crescent City
2002,-48.8,Crescent City
2003,-17.0,Crescent City
2004,-28.7,Crescent City
2005,-7.4,Crescent City
2006,-6.3,Crescent City
2007,-88.9,Crescent City
2008,-73.7,Crescent City
2009,-51.2,Crescent City
2010,-14.3,Crescent City
2011,-76.8,Crescent City
2012,-47.4,Crescent City
2013,-119.3,Crescent City
2014,-5.3,Crescent City
1964,0.0,Eastport
1965,34.2,Eastport
1966,45.9,Eastport
1967,34.9,Eastport
1968,49.6,Eastport
1969,34.9,Eastport
1970,93.9,Eastport
1971,70.1,Eastport
1972,76.3,Eastport
1973,33.8,Eastport
1974,15.1,Eastport
1975,37.8,Eastport
1976,151.0,Eastport
1977,54.7,Eastport
1978,41.7,Eastport
1979,8.3,Eastport
1980,4.3,Eastport
1981,34.4,Eastport
1982,9.5,Eastport
1983,71.4,Eastport
1984,40.9,Eastport
1985,35.4,Eastport
1986,33.4,Eastport
1987,39.2,Eastport
1988,24.6,Eastport
1989,5.8,Eastport
1990,-2.7,Eastport
1991,44.2,Eastport
1992,32.9,Eastport
1993,38.7,Eastport
1994,6.2,Eastport
1995,41.4,Eastport
1996,85.7,Eastport
1997,82.6,Eastport
1998,75.6,Eastport
1999,41.7,Eastport
2000,45.6,Eastport
2001,45.9,Eastport
2002,41.7,Eastport
2003,55.4,Eastport
2004,46.1,Eastport
2005,93.9,Eastport
2006,91.0,Eastport
2007,57.3,Eastport
2008,65.4,Eastport
2009,102.4,Eastport
2010,170.2,Eastport
2011,145.7,Eastport
2012,121.3,Eastport
2013,117.3,Eastport
2014,103.8,Eastport
1985,0.0,Fernandina Beach
1986,12.8,Fernandina Beach
1987,-5.5,Fernandina Beach
1988,-24.8,Fernandina Beach
1989,-49.2,Fernandina Beach
1990,-7.4,Fernandina Beach
1991,68.8,Fernandina Beach
1992,51.2,Fernandina Beach
1993,19.0,Fernandina Beach
1994,62.9,Fernandina Beach
1995,8.2,Fernandina Beach
1996,-95.5,Fernandina Beach
1997,40.7,Fernandina Beach
1998,4.4,Fernandina Beach
1999,61.1,Fernandina Beach
2000,25.0,Fernandina Beach
2001,12.8,Fernandina Beach
2002,29.9,Fernandina Beach
2003,13.2,Fernandina Beach
2004,-8.9,Fernandina Beach
2005,69.5,Fernandina Beach
2006,-101.9,Fernandina Beach
2007,73.1,Fernandina Beach
2008,11.6,Fernandina Beach
2009,36.8,Fernandina Beach
2010,1.4,Fernandina Beach
2011,3.1,Fernandina Beach
2012,55.4,Fernandina Beach
2013,62.0,Fernandina Beach
2014,111.8,Fernandina Beach
1964,0.0,Fort Pulaski
1965,2.8,Fort Pulaski
1966,30.2,Fort Pulaski
1967,28.6,Fort Pulaski
1968,-1.8,Fort Pulaski
1969,40.1,Fort Pulaski
1970,23.5,Fort Pulaski
1971,37.3,Fort Pulaski
1972,86.7,Fort Pulaski
1973,125.3,Fort Pulaski
1974,-95.4,Fort Pulaski
1975,106.3,Fort Pulaski
1976,26.1,Fort Pulaski
1977,48.9,Fort Pulaski
1978,53.1,Fort Pulaski
1979,74.6,Fort Pulaski
1980,60.2,Fort Pulaski
1981,31.5,Fort Pulaski
1982,62.6,Fort Pulaski
1983,127.4,Fort Pulaski
1984,88.8,Fort Pulaski
1985,93.1,Fort Pulaski
1986,116.1,Fort Pulaski
1987,88.5,Fort Pulaski
1988,60.1,Fort Pulaski
1989,54.2,Fort Pulaski
1990,80.2,Fort Pulaski
1991,141.3,Fort Pulaski
1992,121.5,Fort Pulaski
1993,116.6,Fort Pulaski
1994,96.1,Fort Pulaski
1995,188.5,Fort Pulaski
1996,89.4,Fort Pulaski
1997,150.7,Fort Pulaski
1998,126.8,Fort Pulaski
1999,182.2,Fort Pulaski
2000,142.0,Fort Pulaski
2001,119.4,Fort Pulaski
2002,138.9,Fort Pulaski
2003,113.6,Fort Pulaski
2004,102.0,Fort Pulaski
2005,186.4,Fort Pulaski
2006,120.9,Fort Pulaski
2007,168.4,Fort Pulaski
2008,134.8,Fort Pulaski
2009,171.0,Fort Pulaski
2010,141.4,Fort Pulaski
2011,150.5,Fort Pulaski
2012,183.5,Fort Pulaski
2013,211.4,Fort Pulaski
2014,243.0,Fort Pulaski
1964,0.0,Galveston (Pier 21)
1965,72.5,Galveston (Pier 21)
1966,45.1,Galveston (Pier 21)
1967,91.2,Galveston (Pier 21)
1968,73.5,Galveston (Pier 21)
1969,89.1,Galveston (Pier 21)
1970,83.2,Galveston (Pier 21)
1971,96.0,Galveston (Pier 21)
1973,217.7,Galveston (Pier 21)
1974,189.4,Galveston (Pier 21)
1975,245.9,Galveston (Pier 21)
1976,123.0,Galveston (Pier 21)
1977,166.7,Galveston (Pier 21)
1978,155.9,Galveston (Pier 21)
1979,227.7,Galveston (Pier 21)
1980,156.9,Galveston (Pier 21)
1981,174.4,Galveston (Pier 21)
1982,193.8,Galveston (Pier 21)
1983,260.9,Galveston (Pier 21)
1984,177.2,Galveston (Pier 21)
1985,233.3,Galveston (Pier 21)
1986,246.7,Galveston (Pier 21)
1987,209.3,Galveston (Pier 21)
1988,194.2,Galveston (Pier 21)
1989,231.2,Galveston (Pier 21)
1990,292.9,Galveston (Pier 21)
1991,324.2,Galveston (Pier 21)
1992,289.8,Galveston (Pier 21)
1993,275.9,Galveston (Pier 21)
1994,293.1,Galveston (Pier 21)
1995,312.3,Galveston (Pier 21)
1996,242.6,Galveston (Pier 21)
1997,288.2,Galveston (Pier 21)
1998,334.7,Galveston (Pier 21)
1999,301.4,Galveston (Pier 21)
2000,267.9,Galveston (Pier 21)
2001,304.8,Galveston (Pier 21)
2002,345.5,Galveston (Pier 21)
2003,319.2,Galveston (Pier 21)
2004,332.7,Galveston (Pier 21)
2005,324.2,Galveston (Pier 21)
2006,255.4,Galveston (Pier 21)
2007,354.8,Galveston (Pier 21)
2008,339.6,Galveston (Pier 21)
2009,320.8,Galveston (Pier 21)
2010,369.2,Galveston (Pier 21)
2011,318.2,Galveston (Pier 21)
2012,383.3,Galveston (Pier 21)
2013,389.6,Galveston (Pier 21)
2014,371.3,Galveston (Pier 21)
1964,0.0,Hilo
1965,10.9,Hilo
1966,35.6,Hilo
1967,24.4,Hilo
1968,34.3,Hilo
1969,67.5,Hilo
1970,-2.2,Hilo
1971,-26.2,Hilo
1972,-38.3,Hilo
1973,-12.0,Hilo
1974,91.4,Hilo
1975,-23.4,Hilo
1976,4.5,Hilo
1977,22.1,Hilo
1978,109.7,Hilo
1979,73.0,Hilo
1980,109.7,Hilo
1981,118.1,Hilo
1982,68.0,Hilo
1983,86.3,Hilo
1984,110.9,Hilo
1985,65.8,Hilo
1986,31.0,Hilo
1987,91.7,Hilo
1988,111.6,Hilo
1989,77.0,Hilo
1990,38.6,Hilo
1991,69.4,Hilo
1992,125.8,Hilo
1993,130.3,Hilo
1994,64.9,Hilo
1995,106.1,Hilo
1996,131.7,Hilo
1997,120.0,Hilo
1998,64.5,Hilo
1999,81.1,Hilo
2000,24.2,Hilo
2001,103.3,Hilo
2002,102.1,Hilo
2003,141.1,Hilo
2004,184.5,Hilo
2005,139.5,Hilo
2006,132.9,Hilo
2007,126.1,Hilo
2008,120.9,Hilo
2009,75.5,Hilo
2010,113.0,Hilo
2011,105.2,Hilo
2012,74.6,Hilo
2013,119.5,Hilo
2014,136.3,Hilo
1964,0.0,Honolulu
1965,-15.2,Honolulu
1966,-2.1,Honolulu
1967,-37.7,Honolulu
1968,22.1,Honolulu
1969,35.0,Honolulu
1970,-24.4,Honolulu
1971,-31.3,Honolulu
1972,-31.5,Honolulu
1973,6.3,Honolulu
1974,60.5,Honolulu
1975,-27.2,Honolulu
1976,-6.6,Honolulu
1977,11.8,Honolulu
1978,44.0,Honolulu
1979,21.0,Honolulu
1980,60.6,Honolulu
1981,87.7,Honolulu
1982,-0.2,Honolulu
1983,14.6,Honolulu
1984,61.2,Honolulu
1985,32.5,Honolulu
1986,-29.7,Honolulu
1987,-2.0,Honolulu
1988,83.6,Honolulu
1989,20.4,Honolulu
1990,-28.8,Honolulu
1991,15.2,Honolulu
1992,53.8,Honolulu
1993,38.3,Honolulu
1994,32.6,Honolulu
1995,95.0,Honolulu
1996,76.9,Honolulu
1997,61.5,Honolulu
1998,-8.5,Honolulu
1999,42.4,Honolulu
2000,8.9,Honolulu
2001,23.9,Honolulu
2002,18.8,Honolulu
2003,91.8,Honolulu
2004,91.4,Honolulu
2005,60.9,Honolulu
2006,90.6,Honolulu
2007,53.0,Honolulu
2008,60.4,Honolulu
2009,13.6,Honolulu
2010,36.8,Honolulu
2011,33.2,Honolulu
2012,36.6,Honolulu
2013,49.8,Honolulu
2014,69.0,Honolulu
1964,0.0,Johnston Is.
1965,-73.0,Johnston Is.
1966,-15.7,Johnston Is.
1967,-62.9,Johnston Is.
1968,-71.8,Johnston Is.
1969,-24.5,Johnston Is.
1970,24.0,Johnston Is.
1971,-36.8,Johnston Is.
1972,-89.1,Johnston Is.
1973,-62.4,Johnston Is.
1974,-44.2,Johnston Is.
1975,-20.0,Johnston Is.
1976,-92.8,Johnston Is.
1977,-35.5,Johnston Is.
1978,-59.7,Johnston Is.
1979,-71.4,Johnston Is.
1980,-7.6,Johnston Is.
1981,48.4,Johnston Is.
1982,-73.1,Johnston Is.
1983,-26.9,Johnston Is.
1984,26.8,Johnston Is.
1985,-68.4,Johnston Is.
1986,-73.4,Johnston Is.
1987,-39.2,Johnston Is.
1988,31.1,Johnston Is.
1989,-58.8,Johnston Is.
1990,-54.5,Johnston Is.
1991,-66.1,Johnston Is.
1992,10.6,Johnston Is.
1993,-27.6,Johnston Is.
1994,-19.0,Johnston Is.
1995,-18.8,Johnston Is.
1996,22.6,Johnston Is.
1997,-25.1,Johnston Is.
1998,-14.0,Johnston Is.
1999,20.6,Johnston Is.
2000,-1.8,Johnston Is.
2001,16.0,Johnston Is.
2002,-19.2,Johnston Is.
2003,41.3,Johnston Is.
2004,-5.6,Johnston Is.
2008,22.7,Johnston Is.
2009,-38.5,Johnston Is.
2010,42.3,Johnston Is.
2011,18.4,Johnston Is.
2012,3.5,Johnston Is.
2013,46.0,Johnston Is.
2014,-32.7,Johnston Is.
1964,0.0,Kahului Harbor
1965,-8.8,Kahului Harbor
1966,-0.9,Kahului Harbor
1967,-35.9,Kahului Harbor
1968,19.6,Kahului Harbor
1969,22.5,Kahului Harbor
1970,-31.1,Kahului Harbor
1971,-35.5,Kahului Harbor
1972,-42.2,Kahului Harbor
1973,-5.9,Kahului Harbor
1974,31.7,Kahului Harbor
1975,-25.8,Kahului Harbor
1976,38.9,Kahului Harbor
1977,16.2,Kahului Harbor
1978,60.9,Kahului Harbor
1979,26.2,Kahului Harbor
1980,57.6,Kahului Harbor
1981,81.8,Kahului Harbor
1982,4.9,Kahului Harbor
1983,17.4,Kahului Harbor
1984,58.8,Kahului Harbor
1985,31.3,Kahului Harbor
1986,-25.3,Kahului Harbor
1987,34.9,Kahului Harbor
1988,101.0,Kahului Harbor
1989,33.1,Kahului Harbor
1990,-16.3,Kahului Harbor
1991,19.2,Kahului Harbor
1992,78.2,Kahului Harbor
1993,63.2,Kahului Harbor
1994,37.8,Kahului Harbor
1995,96.8,Kahului Harbor
1996,97.3,Kahului Harbor
1997,73.7,Kahului Harbor
1998,13.1,Kahului Harbor
1999,35.6,Kahului Harbor
2000,8.1,Kahului Harbor
2001,48.4,Kahului Harbor
2002,37.6,Kahului Harbor
2003,114.1,Kahului Harbor
2004,119.3,Kahului Harbor
2005,90.2,Kahului Harbor
2006,102.5,Kahului Harbor
2007,72.5,Kahului Harbor
2008,71.0,Kahului Harbor
2009,23.2,Kahului Harbor
2010,53.0,Kahului Harbor
2011,63.5,Kahului Harbor
2012,38.2,Kahului Harbor
2013,59.6,Kahului Harbor
2014,93.7,Kahului Harbor
1965,0.0,Ketchikan
1966,97.1,Ketchikan
1967,117.7,Ketchikan
1968,206.0,Ketchikan
1969,84.8,Ketchikan
1970,53.8,Ketchikan
1971,16.8,Ketchikan
1972,22.7,Ketchikan
1973,13.2,Ketchikan
1974,37.7,Ketchikan
1975,15.9,Ketchikan
1976,88.8,Ketchikan
1977,72.7,Ketchikan
1978,36.4,Ketchikan
1979,40.1,Ketchikan
1980,77.7,Ketchikan
1981,103.9,Ketchikan
1982,54.1,Ketchikan
1983,149.2,Ketchikan
1984,104.1,Ketchikan
1985,-18.5,Ketchikan
1986,61.3,Ketchikan
1987,102.5,Ketchikan
1988,66.6,Ketchikan
1989,0.200000000001,Ketchikan
1990,34.3,Ketchikan
1991,50.7,Ketchikan
1992,115.4,Ketchikan
1993,46.9,Ketchikan
1994,61.7,Ketchikan
1995,34.3,Ketchikan
1996,26.9,Ketchikan
1997,101.7,Ketchikan
1998,59.0,Ketchikan
1999,45.8,Ketchikan
2000,15.8,Ketchikan
2001,34.5,Ketchikan
2002,1.4,Ketchikan
2003,65.4,Ketchikan
2004,33.5,Ketchikan
2005,77.8,Ketchikan
2006,46.1,Ketchikan
2007,74.4,Ketchikan
2008,33.7,Ketchikan
2009,8.2,Ketchikan
2010,68.8,Ketchikan
2011,35.7,Ketchikan
2012,55.7,Ketchikan
2013,-46.1,Ketchikan
2014,6.5,Ketchikan
1964,0.0,Key West
1965,23.3,Key West
1966,60.2,Key West
1967,59.2,Key West
1968,29.8,Key West
1969,48.5,Key West
1970,50.1,Key West
1971,51.9,Key West
1972,94.4,Key West
1973,134.0,Key West
1974,95.3,Key West
1975,107.9,Key West
1976,46.6,Key West
1977,71.9,Key West
1978,92.1,Key West
1979,92.0,Key West
1980,97.1,Key West
1981,92.0,Key West
1982,103.7,Key West
1983,91.2,Key West
1984,105.7,Key West
1985,109.1,Key West
1986,144.7,Key West
1987,119.1,Key West
1988,100.3,Key West
1989,83.3,Key West
1990,100.1,Key West
1991,164.7,Key West
1992,148.5,Key West
1993,140.3,Key West
1994,141.2,Key West
1995,166.8,Key West
1996,85.6,Key West
1997,127.9,Key West
1998,123.4,Key West
1999,176.6,Key West
2000,155.3,Key West
2001,117.2,Key West
2002,151.0,Key West
2003,136.0,Key West
2004,133.5,Key West
2005,160.8,Key West
2006,143.5,Key West
2007,176.2,Key West
2008,179.4,Key West
2009,171.8,Key West
2010,165.5,Key West
2011,160.7,Key West
2012,205.1,Key West
2013,215.5,Key West
2014,229.5,Key West
1964,0.0,La Jolla
1965,65.1,La Jolla
1966,76.5,La Jolla
1967,94.3,La Jolla
1968,56.3,La Jolla
1969,75.4,La Jolla
1970,49.4,La Jolla
1971,24.6,La Jolla
1972,117.2,La Jolla
1973,34.1,La Jolla
1974,49.4,La Jolla
1975,22.5,La Jolla
1976,82.8,La Jolla
1977,65.4,La Jolla
1978,108.6,La Jolla
1979,80.9,La Jolla
1980,84.4,La Jolla
1981,82.8,La Jolla
1982,119.5,La Jolla
1983,177.4,La Jolla
1984,123.4,La Jolla
1985,83.1,La Jolla
1986,100.2,La Jolla
1987,118.5,La Jolla
1988,79.7,La Jolla
1989,94.4,La Jolla
1990,139.7,La Jolla
1991,131.2,La Jolla
1992,177.1,La Jolla
1993,146.9,La Jolla
1994,98.2,La Jolla
1995,110.0,La Jolla
1996,101.9,La Jolla
1997,206.7,La Jolla
1998,145.7,La Jolla
1999,73.0,La Jolla
2000,95.0,La Jolla
2001,91.8,La Jolla
2002,99.1,La Jolla
2003,122.3,La Jolla
2004,143.9,La Jolla
2005,138.0,La Jolla
2006,118.1,La Jolla
2008,122.0,La Jolla
2009,134.3,La Jolla
2010,118.7,La Jolla
2011,138.5,La Jolla
2012,168.2,La Jolla
2013,153.2,La Jolla
2014,236.6,La Jolla
1964,0.0,Lewes
1965,5.3,Lewes
1966,-3.6,Lewes
1967,25.6,Lewes
1968,-16.8,Lewes
1969,87.4,Lewes
1970,85.4,Lewes
1971,76.2,Lewes
1972,115.5,Lewes
1973,136.6,Lewes
1974,57.4,Lewes
1975,97.8,Lewes
1976,22.1,Lewes
1977,4.8,Lewes
1978,70.7,Lewes
1979,51.9,Lewes
1980,44.1,Lewes
1981,46.6,Lewes
1982,68.0,Lewes
1983,147.1,Lewes
1984,122.9,Lewes
1985,81.6,Lewes
1986,92.1,Lewes
1987,137.8,Lewes
1988,61.9,Lewes
1989,75.1,Lewes
1990,59.2,Lewes
1991,110.3,Lewes
1992,124.8,Lewes
1993,137.0,Lewes
1994,91.2,Lewes
1995,110.1,Lewes
1996,171.2,Lewes
1997,161.2,Lewes
1998,202.7,Lewes
1999,156.5,Lewes
2000,128.5,Lewes
2001,137.0,Lewes
2002,120.2,Lewes
2003,162.4,Lewes
2004,157.6,Lewes
2005,217.3,Lewes
2006,189.4,Lewes
2007,142.5,Lewes
2008,174.2,Lewes
2009,231.7,Lewes
2010,245.4,Lewes
2011,242.4,Lewes
2012,229.6,Lewes
2013,202.3,Lewes
2014,222.4,Lewes
1964,0.0,Los Angeles
1965,54.9,Los Angeles
1966,46.8,Los Angeles
1967,33.5,Los Angeles
1968,29.2,Los Angeles
1969,54.9,Los Angeles
1970,4.0,Los Angeles
1971,18.1,Los Angeles
1972,67.6,Los Angeles
1973,23.5,Los Angeles
1974,19.4,Los Angeles
1975,1.3,Los Angeles
1976,61.3,Los Angeles
1977,48.6,Los Angeles
1978,72.3,Los Angeles
1979,59.6,Los Angeles
1980,58.2,Los Angeles
1981,45.6,Los Angeles
1982,81.0,Los Angeles
1983,141.1,Los Angeles
1984,86.9,Los Angeles
1985,38.1,Los Angeles
1986,54.6,Los Angeles
1987,69.4,Los Angeles
1988,9.0,Los Angeles
1989,20.9,Los Angeles
1990,55.8,Los Angeles
1991,61.5,Los Angeles
1992,129.9,Los Angeles
1993,115.1,Los Angeles
1994,81.5,Los Angeles
1995,74.0,Los Angeles
1996,54.3,Los Angeles
1997,149.2,Los Angeles
1998,93.7,Los Angeles
1999,22.4,Los Angeles
2000,42.2,Los Angeles
2001,56.6,Los Angeles
2002,60.1,Los Angeles
2003,74.7,Los Angeles
2004,89.4,Los Angeles
2005,83.2,Los Angeles
2006,82.2,Los Angeles
2007,47.4,Los Angeles
2008,87.1,Los Angeles
2009,97.9,Los Angeles
2010,75.9,Los Angeles
2011,69.4,Los Angeles
2012,89.1,Los Angeles
2013,84.5,Los Angeles
2014,151.9,Los Angeles
1964,0.0,Midway Is. (Sand Is.)
1965,-25.3,Midway Is. (Sand Is.)
1966,-71.7,Midway Is. (Sand Is.)
1967,-60.1,Midway Is. (Sand Is.)
1968,-29.7,Midway Is. (Sand Is.)
1969,-118.0,Midway Is. (Sand Is.)
1970,-63.3,Midway Is. (Sand Is.)
1971,-37.2,Midway Is. (Sand Is.)
1972,-111.5,Midway Is. (Sand Is.)
1973,27.3,Midway Is. (Sand Is.)
1974,-37.7,Midway Is. (Sand Is.)
1975,-115.2,Midway Is. (Sand Is.)
1976,6.2,Midway Is. (Sand Is.)
1977,-43.7,Midway Is. (Sand Is.)
1978,-105.8,Midway Is. (Sand Is.)
1979,-81.1,Midway Is. (Sand Is.)
1980,-98.5,Midway Is. (Sand Is.)
1981,-111.4,Midway Is. (Sand Is.)
1982,-82.6,Midway Is. (Sand Is.)
1983,-95.9,Midway Is. (Sand Is.)
1984,-22.0,Midway Is. (Sand Is.)
1985,-68.3,Midway Is. (Sand Is.)
1986,-35.8,Midway Is. (Sand Is.)
1987,-43.5,Midway Is. (Sand Is.)
1988,-75.6,Midway Is. (Sand Is.)
1989,-54.8,Midway Is. (Sand Is.)
1990,-43.6,Midway Is. (Sand Is.)
1991,-27.1,Midway Is. (Sand Is.)
1992,-47.3,Midway Is. (Sand Is.)
1993,-71.5,Midway Is. (Sand Is.)
1994,-39.6,Midway Is. (Sand Is.)
1995,-13.3,Midway Is. (Sand Is.)
1996,-42.7,Midway Is. (Sand Is.)
1997,-112.5,Midway Is. (Sand Is.)
1998,1.2,Midway Is. (Sand Is.)
1999,-17.4,Midway Is. (Sand Is.)
2000,28.1,Midway Is. (Sand Is.)
2001,11.4,Midway Is. (Sand Is.)
2002,5.2,Midway Is. (Sand Is.)
2003,17.3,Midway Is. (Sand Is.)
2004,19.8,Midway Is. (Sand Is.)
2005,-38.4,Midway Is. (Sand Is.)
2006,-8.1,Midway Is. (Sand Is.)
2007,-12.5,Midway Is. (Sand Is.)
2008,37.9,Midway Is. (Sand Is.)
2009,48.9,Midway Is. (Sand Is.)
2010,40.9,Midway Is. (Sand Is.)
2011,-34.1,Midway Is. (Sand Is.)
2012,87.3,Midway Is. (Sand Is.)
2013,47.9,Midway Is. (Sand Is.)
2014,60.1,Midway Is. (Sand Is.)
1964,0.0,Mokuoloe Is.
1965,-6.8,Mokuoloe Is.
1966,-1.6,Mokuoloe Is.
1967,-33.6,Mokuoloe Is.
1968,8.4,Mokuoloe Is.
1969,32.0,Mokuoloe Is.
1971,-40.7,Mokuoloe Is.
1974,48.2,Mokuoloe Is.
1981,77.5,Mokuoloe Is.
1982,-18.4,Mokuoloe Is.
1983,4.5,Mokuoloe Is.
1984,48.7,Mokuoloe Is.
1985,26.0,Mokuoloe Is.
1986,-39.2,Mokuoloe Is.
1987,-17.9,Mokuoloe Is.
1988,68.7,Mokuoloe Is.
1989,11.9,Mokuoloe Is.
1990,-24.9,Mokuoloe Is.
1991,31.1,Mokuoloe Is.
1992,51.4,Mokuoloe Is.
1993,34.9,Mokuoloe Is.
1994,30.0,Mokuoloe Is.
1995,73.3,Mokuoloe Is.
1996,71.8,Mokuoloe Is.
1997,61.5,Mokuoloe Is.
1998,-9.6,Mokuoloe Is.
1999,17.2,Mokuoloe Is.
2000,-10.7,Mokuoloe Is.
2001,16.2,Mokuoloe Is.
2002,17.9,Mokuoloe Is.
2003,89.3,Mokuoloe Is.
2004,92.9,Mokuoloe Is.
2005,54.5,Mokuoloe Is.
2006,88.9,Mokuoloe Is.
2007,51.3,Mokuoloe Is.
2008,59.9,Mokuoloe Is.
2009,10.1,Mokuoloe Is.
2010,35.7,Mokuoloe Is.
2011,35.3,Mokuoloe Is.
2012,33.7,Mokuoloe Is.
2013,44.7,Mokuoloe Is.
2014,63.6,Mokuoloe Is.
1964,0.0,Montauk
1965,15.1,Montauk
1966,23.5,Montauk
1967,50.4,Montauk
1968,41.3,Montauk
1969,73.6,Montauk
1970,67.0,Montauk
1971,92.0,Montauk
1972,108.9,Montauk
1973,108.3,Montauk
1974,60.3,Montauk
1975,75.3,Montauk
1976,56.3,Montauk
1977,40.0,Montauk
1978,74.8,Montauk
1979,39.4,Montauk
1980,25.5,Montauk
1981,54.6,Montauk
1982,42.1,Montauk
1983,127.3,Montauk
1984,114.3,Montauk
1985,96.5,Montauk
1986,95.6,Montauk
1987,110.1,Montauk
1988,70.4,Montauk
1989,61.5,Montauk
1990,74.2,Montauk
1991,114.4,Montauk
1992,115.8,Montauk
1993,136.3,Montauk
1994,106.3,Montauk
1995,127.4,Montauk
1996,177.6,Montauk
1997,169.7,Montauk
1998,190.3,Montauk
1999,150.2,Montauk
2000,157.0,Montauk
2001,159.2,Montauk
2002,129.8,Montauk
2003,165.8,Montauk
2004,176.3,Montauk
2005,215.3,Montauk
2006,226.3,Montauk
2007,164.1,Montauk
2008,176.9,Montauk
2009,222.9,Montauk
2010,263.9,Montauk
2011,244.8,Montauk
2012,237.6,Montauk
2013,217.6,Montauk
2014,215.2,Montauk
1964,0.0,Nawiliwili Bay
1965,-36.0,Nawiliwili Bay
1966,-13.3,Nawiliwili Bay
1967,-62.8,Nawiliwili Bay
1968,29.7,Nawiliwili Bay
1969,33.1,Nawiliwili Bay
1970,-21.4,Nawiliwili Bay
1971,-26.3,Nawiliwili Bay
1972,-34.6,Nawiliwili Bay
1973,-4.1,Nawiliwili Bay
1974,31.1,Nawiliwili Bay
1975,9.8,Nawiliwili Bay
1976,3.1,Nawiliwili Bay
1977,21.8,Nawiliwili Bay
1978,29.7,Nawiliwili Bay
1979,27.3,Nawiliwili Bay
1980,52.9,Nawiliwili Bay
1981,87.3,Nawiliwili Bay
1982,-11.8,Nawiliwili Bay
1983,47.0,Nawiliwili Bay
1984,54.8,Nawiliwili Bay
1985,59.2,Nawiliwili Bay
1986,-14.4,Nawiliwili Bay
1987,-45.4,Nawiliwili Bay
1988,63.3,Nawiliwili Bay
1989,31.7,Nawiliwili Bay
1990,5.0,Nawiliwili Bay
1991,27.0,Nawiliwili Bay
1992,56.5,Nawiliwili Bay
1993,44.9,Nawiliwili Bay
1994,26.5,Nawiliwili Bay
1995,67.2,Nawiliwili Bay
1996,91.5,Nawiliwili Bay
1997,49.2,Nawiliwili Bay
1998,-23.8,Nawiliwili Bay
1999,31.9,Nawiliwili Bay
2000,12.0,Nawiliwili Bay
2001,6.2,Nawiliwili Bay
2002,20.5,Nawiliwili Bay
2003,73.9,Nawiliwili Bay
2004,65.6,Nawiliwili Bay
2005,60.8,Nawiliwili Bay
2006,109.0,Nawiliwili Bay
2007,59.6,Nawiliwili Bay
2008,76.4,Nawiliwili Bay
2009,21.4,Nawiliwili Bay
2010,23.0,Nawiliwili Bay
2011,54.1,Nawiliwili Bay
2012,50.7,Nawiliwili Bay
2013,74.3,Nawiliwili Bay
2014,90.7,Nawiliwili Bay
1964,0.0,Neah Bay
1965,71.4,Neah Bay
1966,66.4,Neah Bay
1967,48.7,Neah Bay
1968,69.5,Neah Bay
1969,79.7,Neah Bay
1970,9.4,Neah Bay
1971,21.6,Neah Bay
1972,51.8,Neah Bay
1973,8.4,Neah Bay
1974,22.3,Neah Bay
1975,-16.4,Neah Bay
1976,27.9,Neah Bay
1977,29.9,Neah Bay
1978,24.0,Neah Bay
1979,14.4,Neah Bay
1980,14.0,Neah Bay
1981,29.9,Neah Bay
1982,61.2,Neah Bay
1983,135.7,Neah Bay
1984,29.1,Neah Bay
1985,-61.1,Neah Bay
1986,13.1,Neah Bay
1987,7.1,Neah Bay
1988,-41.5,Neah Bay
1989,-43.7,Neah Bay
1990,-16.1,Neah Bay
1991,-30.7,Neah Bay
1992,42.5,Neah Bay
1993,-0.5,Neah Bay
1994,-11.7,Neah Bay
1995,34.9,Neah Bay
1996,-20.3,Neah Bay
1997,65.7,Neah Bay
1998,24.1,Neah Bay
1999,-43.8,Neah Bay
2000,-70.9,Neah Bay
2001,-79.1,Neah Bay
2002,-70.0,Neah Bay
2003,-16.3,Neah Bay
2004,-39.7,Neah Bay
2005,-23.6,Neah Bay
2006,-17.4,Neah Bay
2007,-81.6,Neah Bay
2008,-85.4,Neah Bay
2009,-69.7,Neah Bay
2010,3.2,Neah Bay
2011,-58.3,Neah Bay
2012,-16.2,Neah Bay
2013,-129.5,Neah Bay
2014,-8.0,Neah Bay
1964,0.0,New London
1965,-12.4,New London
1966,-2.1,New London
1967,17.4,New London
1968,3.8,New London
1969,29.9,New London
1970,37.1,New London
1971,45.9,New London
1972,63.0,New London
1973,56.8,New London
1974,21.9,New London
1975,52.5,New London
1976,-15.0,New London
1977,-44.9,New London
1978,44.0,New London
1979,0.6,New London
1980,-18.4,New London
1981,0.3,New London
1982,3.0,New London
1983,88.4,New London
1984,65.2,New London
1985,35.7,New London
1986,29.4,New London
1987,56.6,New London
1988,22.5,New London
1989,12.6,New London
1990,20.1,New London
1991,57.9,New London
1992,62.4,New London
1993,79.4,New London
1994,23.9,New London
1995,58.3,New London
1996,127.4,New London
1997,116.8,New London
1998,139.4,New London
1999,95.5,New London
2000,73.9,New London
2001,86.1,New London
2002,73.2,New London
2003,104.1,New London
2004,97.5,New London
2005,152.1,New London
2006,134.5,New London
2007,100.4,New London
2008,127.1,New London
2009,159.1,New London
2010,201.5,New London
2011,188.5,New London
2012,162.3,New London
2013,133.1,New London
2014,142.1,New London
1964,0.0,New York
1965,3.5,New York
1966,-4.6,New York
1967,41.9,New York
1968,-5.3,New York
1969,41.9,New York
1970,36.7,New York
1971,38.0,New York
1972,67.3,New York
1973,55.2,New York
1974,38.4,New York
1975,33.2,New York
1976,-13.4,New York
1977,87.8,New York
1978,74.4,New York
1979,21.6,New York
1980,4.3,New York
1981,11.5,New York
1982,20.1,New York
1983,108.7,New York
1984,84.8,New York
1985,13.6,New York
1986,57.3,New York
1987,81.3,New York
1988,26.7,New York
1989,13.5,New York
1990,0.8,New York
1991,67.8,New York
1992,74.6,New York
1993,107.5,New York
1994,29.2,New York
1995,80.5,New York
1996,108.6,New York
1997,219.8,New York
1998,152.4,New York
1999,100.5,New York
2000,110.2,New York
2001,113.8,New York
2002,71.8,New York
2003,107.7,New York
2004,130.1,New York
2005,167.8,New York
2006,143.1,New York
2007,91.9,New York
2008,145.4,New York
2009,173.9,New York
2010,209.8,New York
2011,206.7,New York
2012,180.7,New York
2013,147.9,New York
2014,168.3,New York
1964,0.0,Newport
1965,36.1,Newport
1966,23.4,Newport
1967,32.9,Newport
1968,26.1,Newport
1969,74.4,Newport
1970,77.3,Newport
1971,87.4,Newport
1972,101.5,Newport
1973,76.9,Newport
1974,56.6,Newport
1975,67.9,Newport
1976,36.0,Newport
1977,36.2,Newport
1978,67.4,Newport
1979,58.0,Newport
1980,42.7,Newport
1981,57.8,Newport
1982,59.0,Newport
1983,130.4,Newport
1984,111.1,Newport
1985,94.8,Newport
1986,88.5,Newport
1987,110.8,Newport
1988,68.1,Newport
1989,54.8,Newport
1990,62.9,Newport
1991,106.2,Newport
1992,106.7,Newport
1993,115.7,Newport
1994,71.5,Newport
1995,104.5,Newport
1996,153.7,Newport
1997,150.4,Newport
1998,173.3,Newport
1999,132.1,Newport
2000,116.2,Newport
2001,129.9,Newport
2002,112.7,Newport
2003,124.9,Newport
2004,127.1,Newport
2005,184.0,Newport
2006,169.1,Newport
2007,123.6,Newport
2008,150.0,Newport
2009,180.9,Newport
2010,237.5,Newport
2011,210.5,Newport
2012,201.9,Newport
2013,179.3,Newport
2014,179.0,Newport
1964,0.0,Pago Pago
1965,11.9,Pago Pago
1966,-43.0,Pago Pago
1967,15.1,Pago Pago
1968,-1.5,Pago Pago
1969,-26.9,Pago Pago
1970,-9.9,Pago Pago
1971,64.0,Pago Pago
1972,2.8,Pago Pago
1973,-48.4,Pago Pago
1974,56.2,Pago Pago
1975,7.2,Pago Pago
1976,28.3,Pago Pago
1977,-34.3,Pago Pago
1978,-63.2,Pago Pago
1979,23.8,Pago Pago
1980,29.1,Pago Pago
1981,12.9,Pago Pago
1982,48.5,Pago Pago
1983,-121.1,Pago Pago
1984,18.4,Pago Pago
1985,73.2,Pago Pago
1986,54.6,Pago Pago
1987,-28.9,Pago Pago
1988,-5.2,Pago Pago
1989,29.2,Pago Pago
1990,38.0,Pago Pago
1991,66.6,Pago Pago
1992,14.1,Pago Pago
1993,25.9,Pago Pago
1994,31.9,Pago Pago
1995,50.7,Pago Pago
1996,107.1,Pago Pago
1997,55.1,Pago Pago
1998,-147.1,Pago Pago
1999,94.2,Pago Pago
2000,81.7,Pago Pago
2001,98.1,Pago Pago
2002,83.3,Pago Pago
2003,93.1,Pago Pago
2004,124.0,Pago Pago
2005,80.7,Pago Pago
2006,127.4,Pago Pago
2007,108.9,Pago Pago
2008,101.8,Pago Pago
2009,104.5,Pago Pago
2010,132.1,Pago Pago
2011,248.0,Pago Pago
2012,227.0,Pago Pago
2013,211.1,Pago Pago
2014,225.4,Pago Pago
1964,0.0,Pensacola
1965,55.0,Pensacola
1966,10.3,Pensacola
1967,50.8,Pensacola
1968,-16.5,Pensacola
1969,20.3,Pensacola
1970,54.7,Pensacola
1971,53.7,Pensacola
1972,91.6,Pensacola
1973,129.1,Pensacola
1974,86.7,Pensacola
1975,162.0,Pensacola
1976,42.3,Pensacola
1977,78.9,Pensacola
1978,56.5,Pensacola
1979,81.0,Pensacola
1980,52.6,Pensacola
1981,41.6,Pensacola
1982,61.5,Pensacola
1983,112.3,Pensacola
1984,98.2,Pensacola
1985,105.5,Pensacola
1986,102.4,Pensacola
1987,69.3,Pensacola
1988,38.1,Pensacola
1989,49.8,Pensacola
1990,94.9,Pensacola
1991,107.4,Pensacola
1992,100.3,Pensacola
1993,60.0,Pensacola
1994,97.8,Pensacola
1995,113.4,Pensacola
1996,89.3,Pensacola
1997,105.1,Pensacola
1998,136.6,Pensacola
1999,132.5,Pensacola
2000,92.0,Pensacola
2001,92.6,Pensacola
2002,110.4,Pensacola
2003,164.7,Pensacola
2004,87.5,Pensacola
2005,156.5,Pensacola
2006,90.5,Pensacola
2007,113.8,Pensacola
2008,137.5,Pensacola
2009,178.3,Pensacola
2010,157.0,Pensacola
2011,121.1,Pensacola
2012,193.1,Pensacola
2013,194.7,Pensacola
2014,178.8,Pensacola
1964,0.0,Port San Luis
1965,138.1,Port San Luis
1966,89.5,Port San Luis
1967,88.6,Port San Luis
1968,65.9,Port San Luis
1969,210.1,Port San Luis
1970,67.8,Port San Luis
1971,6.9,Port San Luis
1972,104.1,Port San Luis
1973,54.5,Port San Luis
1974,64.7,Port San Luis
1975,47.1,Port San Luis
1976,103.2,Port San Luis
1977,86.5,Port San Luis
1978,99.0,Port San Luis
1979,81.2,Port San Luis
1980,92.4,Port San Luis
1981,95.3,Port San Luis
1982,132.2,Port San Luis
1983,194.1,Port San Luis
1984,130.5,Port San Luis
1985,88.1,Port San Luis
1986,102.3,Port San Luis
1987,115.7,Port San Luis
1988,77.7,Port San Luis
1989,80.9,Port San Luis
1990,93.5,Port San Luis
1991,102.5,Port San Luis
1992,170.8,Port San Luis
1996,83.9,Port San Luis
1997,177.6,Port San Luis
1998,128.8,Port San Luis
1999,54.5,Port San Luis
2000,76.9,Port San Luis
2001,92.3,Port San Luis
2002,92.5,Port San Luis
2003,108.9,Port San Luis
2004,117.7,Port San Luis
2005,119.6,Port San Luis
2006,115.1,Port San Luis
2007,70.9,Port San Luis
2008,103.8,Port San Luis
2009,118.7,Port San Luis
2010,100.4,Port San Luis
2011,99.9,Port San Luis
2012,112.0,Port San Luis
2013,107.3,Port San Luis
2014,179.2,Port San Luis
1964,0.0,Portland
1965,9.1,Portland
1966,25.7,Portland
1967,20.0,Portland
1968,54.4,Portland
1969,101.9,Portland
1970,112.0,Portland
1971,112.7,Portland
1972,70.0,Portland
1973,44.6,Portland
1974,25.4,Portland
1975,70.9,Portland
1976,98.8,Portland
1977,129.6,Portland
1978,109.2,Portland
1979,77.4,Portland
1980,64.7,Portland
1981,88.5,Portland
1982,45.1,Portland
1983,115.1,Portland
1984,82.5,Portland
1985,60.1,Portland
1986,59.0,Portland
1987,85.0,Portland
1988,55.1,Portland
1989,34.3,Portland
1990,36.2,Portland
1991,89.0,Portland
1992,76.4,Portland
1993,83.1,Portland
1994,42.4,Portland
1995,87.8,Portland
1996,118.8,Portland
1997,106.7,Portland
1998,121.4,Portland
1999,71.0,Portland
2000,72.5,Portland
2001,69.7,Portland
2002,57.0,Portland
2003,88.8,Portland
2004,91.7,Portland
2005,148.3,Portland
2006,122.5,Portland
2007,66.1,Portland
2008,88.7,Portland
2009,142.1,Portland
2010,215.1,Portland
2011,168.4,Portland
2012,163.2,Portland
2013,144.8,Portland
2014,136.9,Portland
1964,0.0,Rockport
1965,76.5,Rockport
1966,53.0,Rockport
1967,101.3,Rockport
1968,99.4,Rockport
1969,96.8,Rockport
1970,83.0,Rockport
1971,128.4,Rockport
1972,180.4,Rockport
1973,197.7,Rockport
1974,169.4,Rockport
1975,228.3,Rockport
1976,109.5,Rockport
1977,159.3,Rockport
1978,125.0,Rockport
1979,172.2,Rockport
1980,109.3,Rockport
1981,134.6,Rockport
1982,133.3,Rockport
1983,202.8,Rockport
1984,175.0,Rockport
1985,173.3,Rockport
1986,181.5,Rockport
1987,149.8,Rockport
1988,119.7,Rockport
1989,129.0,Rockport
1990,190.9,Rockport
1991,230.7,Rockport
1992,224.9,Rockport
1993,199.3,Rockport
1994,210.5,Rockport
1995,273.1,Rockport
1996,209.7,Rockport
1997,270.8,Rockport
1998,319.5,Rockport
1999,292.9,Rockport
2000,264.5,Rockport
2001,284.4,Rockport
2002,361.5,Rockport
2003,323.5,Rockport
2004,337.3,Rockport
2005,341.3,Rockport
2006,272.4,Rockport
2007,384.1,Rockport
2008,355.5,Rockport
2009,335.7,Rockport
2010,369.8,Rockport
2011,318.4,Rockport
2012,366.9,Rockport
2013,385.6,Rockport
2014,359.3,Rockport
1964,0.0,San Diego
1965,48.5,San Diego
1966,48.9,San Diego
1967,27.1,San Diego
1968,34.7,San Diego
1969,56.9,San Diego
1970,11.6,San Diego
1971,20.6,San Diego
1972,85.2,San Diego
1973,19.1,San Diego
1974,52.1,San Diego
1975,19.4,San Diego
1976,78.9,San Diego
1977,58.8,San Diego
1978,80.1,San Diego
1979,59.0,San Diego
1980,86.3,San Diego
1981,78.4,San Diego
1982,116.4,San Diego
1983,179.1,San Diego
1984,126.8,San Diego
1985,79.2,San Diego
1986,92.4,San Diego
1987,107.5,San Diego
1988,50.3,San Diego
1989,66.3,San Diego
1990,106.5,San Diego
1991,109.2,San Diego
1992,164.5,San Diego
1993,142.7,San Diego
1994,105.8,San Diego
1995,105.2,San Diego
1996,84.5,San Diego
1997,181.3,San Diego
1998,120.8,San Diego
1999,52.0,San Diego
2000,67.1,San Diego
2001,72.8,San Diego
2002,85.6,San Diego
2003,112.4,San Diego
2004,124.0,San Diego
2005,118.3,San Diego
2006,127.6,San Diego
2007,86.5,San Diego
2008,118.3,San Diego
2009,137.8,San Diego
2010,123.0,San Diego
2011,122.7,San Diego
2012,147.0,San Diego
2013,142.9,San Diego
2014,214.3,San Diego
1964,0.0,San Francisco (Fort Point)
1965,78.4,San Francisco (Fort Point)
1966,52.4,San Francisco (Fort Point)
1967,66.1,San Francisco (Fort Point)
1968,46.5,San Francisco (Fort Point)
1969,98.1,San Francisco (Fort Point)
1970,54.3,San Francisco (Fort Point)
1971,1.8,San Francisco (Fort Point)
1972,87.0,San Francisco (Fort Point)
1973,42.9,San Francisco (Fort Point)
1974,59.7,San Francisco (Fort Point)
1975,17.6,San Francisco (Fort Point)
1976,54.6,San Francisco (Fort Point)
1977,4.8,San Francisco (Fort Point)
1978,60.7,San Francisco (Fort Point)
1979,52.4,San Francisco (Fort Point)
1980,81.6,San Francisco (Fort Point)
1981,61.3,San Francisco (Fort Point)
1982,146.5,San Francisco (Fort Point)
1983,247.7,San Francisco (Fort Point)
1984,103.0,San Francisco (Fort Point)
1985,49.7,San Francisco (Fort Point)
1986,114.5,San Francisco (Fort Point)
1987,89.1,San Francisco (Fort Point)
1988,34.1,San Francisco (Fort Point)
1989,58.8,San Francisco (Fort Point)
1990,74.1,San Francisco (Fort Point)
1991,67.9,San Francisco (Fort Point)
1992,151.7,San Francisco (Fort Point)
1993,142.3,San Francisco (Fort Point)
1994,63.8,San Francisco (Fort Point)
1995,138.1,San Francisco (Fort Point)
1996,99.3,San Francisco (Fort Point)
1997,159.5,San Francisco (Fort Point)
1998,163.4,San Francisco (Fort Point)
1999,53.3,San Francisco (Fort Point)
2000,75.1,San Francisco (Fort Point)
2001,75.9,San Francisco (Fort Point)
2002,91.7,San Francisco (Fort Point)
2003,103.2,San Francisco (Fort Point)
2004,107.7,San Francisco (Fort Point)
2005,128.9,San Francisco (Fort Point)
2006,155.5,San Francisco (Fort Point)
2007,44.2,San Francisco (Fort Point)
2008,81.1,San Francisco (Fort Point)
2009,103.4,San Francisco (Fort Point)
2010,114.4,San Francisco (Fort Point)
2011,110.8,San Francisco (Fort Point)
2012,107.1,San Francisco (Fort Point)
2013,85.7,San Francisco (Fort Point)
2014,168.2,San Francisco (Fort Point)
1964,0.0,Sitka
1965,-37.9,Sitka
1966,22.8,Sitka
1967,-5.4,Sitka
1968,25.9,Sitka
1969,44.9,Sitka
1970,12.0,Sitka
1971,-37.8,Sitka
1972,-32.1,Sitka
1973,21.9,Sitka
1974,-27.9,Sitka
1975,-62.5,Sitka
1976,16.3,Sitka
1977,-9.4,Sitka
1978,-50.0,Sitka
1979,-52.5,Sitka
1980,-28.8,Sitka
1981,3.1,Sitka
1982,-62.2,Sitka
1983,39.9,Sitka
1984,0.7,Sitka
1985,-117.9,Sitka
1986,-40.5,Sitka
1987,1.4,Sitka
1988,-27.7,Sitka
1989,-111.5,Sitka
1990,-92.2,Sitka
1991,-83.2,Sitka
1992,-15.8,Sitka
1993,-62.0,Sitka
1994,-65.1,Sitka
1995,-87.7,Sitka
1996,-103.5,Sitka
1997,-26.3,Sitka
1998,-50.9,Sitka
1999,-66.1,Sitka
2000,-91.8,Sitka
2001,-64.0,Sitka
2002,-104.8,Sitka
2003,-49.6,Sitka
2004,-77.4,Sitka
2005,-43.5,Sitka
2006,-41.5,Sitka
2007,-58.3,Sitka
2008,-82.2,Sitka
2009,-127.2,Sitka
2010,-75.6,Sitka
2011,-147.6,Sitka
2012,-125.8,Sitka
2013,-236.7,Sitka
2014,-136.2,Sitka
1964,0.0,St. Petersburg
1965,184.4,St. Petersburg
1966,190.5,St. Petersburg
1967,198.5,St. Petersburg
1968,156.1,St. Petersburg
1969,168.8,St. Petersburg
1970,189.6,St. Petersburg
1971,173.3,St. Petersburg
1972,217.9,St. Petersburg
1973,237.1,St. Petersburg
1974,212.0,St. Petersburg
1975,241.9,St. Petersburg
1976,170.9,St. Petersburg
1977,177.8,St. Petersburg
1978,181.7,St. Petersburg
1979,222.9,St. Petersburg
1980,210.9,St. Petersburg
1981,196.3,St. Petersburg
1982,212.7,St. Petersburg
1983,253.4,St. Petersburg
1984,242.0,St. Petersburg
1985,252.1,St. Petersburg
1986,253.1,St. Petersburg
1987,251.5,St. Petersburg
1988,222.4,St. Petersburg
1989,250.6,St. Petersburg
1990,253.5,St. Petersburg
1991,265.8,St. Petersburg
1992,244.1,St. Petersburg
1993,237.8,St. Petersburg
1994,249.7,St. Petersburg
1995,282.9,St. Petersburg
1996,227.7,St. Petersburg
1997,260.0,St. Petersburg
1998,262.1,St. Petersburg
1999,283.8,St. Petersburg
2000,262.8,St. Petersburg
2001,227.2,St. Petersburg
2002,263.0,St. Petersburg
2003,293.6,St. Petersburg
2004,276.3,St. Petersburg
2005,296.3,St. Petersburg
2006,273.9,St. Petersburg
2007,286.0,St. Petersburg
2008,283.9,St. Petersburg
2009,315.0,St. Petersburg
2010,296.6,St. Petersburg
2011,291.0,St. Petersburg
2012,360.7,St. Petersburg
2013,330.4,St. Petersburg
2014,344.4,St. Petersburg
1964,0.0,Wake Is.
1965,-14.3,Wake Is.
1966,-41.7,Wake Is.
1967,-48.9,Wake Is.
1969,40.2,Wake Is.
1970,50.3,Wake Is.
1971,-11.1,Wake Is.
1972,-7.1,Wake Is.
1973,6.1,Wake Is.
1974,18.5,Wake Is.
1975,104.9,Wake Is.
1976,2.3,Wake Is.
1977,-30.1,Wake Is.
1978,71.4,Wake Is.
1979,-2.5,Wake Is.
1980,27.0,Wake Is.
1981,52.3,Wake Is.
1982,2.3,Wake Is.
1983,16.4,Wake Is.
1984,137.6,Wake Is.
1985,59.6,Wake Is.
1986,-18.3,Wake Is.
1987,60.7,Wake Is.
1988,78.7,Wake Is.
1989,-37.3,Wake Is.
1990,29.5,Wake Is.
1991,29.7,Wake Is.
1992,-5.5,Wake Is.
1993,61.7,Wake Is.
1994,70.0,Wake Is.
1995,52.6,Wake Is.
1996,77.2,Wake Is.
1997,86.7,Wake Is.
1998,77.5,Wake Is.
1999,107.2,Wake Is.
2000,141.5,Wake Is.
2001,60.5,Wake Is.
2002,97.1,Wake Is.
2003,57.8,Wake Is.
2004,101.7,Wake Is.
2005,64.5,Wake Is.
2006,31.2,Wake Is.
2007,105.8,Wake Is.
2008,108.2,Wake Is.
2009,55.9,Wake Is.
2010,63.8,Wake Is.
2011,84.8,Wake Is.
2012,144.6,Wake Is.
2013,137.3,Wake Is.
2014,88.4,Wake Is.
1964,0.0,Wilmington
1965,9.1,Wilmington
1966,-8.3,Wilmington
1967,-9.7,Wilmington
1968,-37.8,Wilmington
1969,19.4,Wilmington
1970,22.8,Wilmington
1971,42.2,Wilmington
1972,78.0,Wilmington
1973,109.2,Wilmington
1974,78.4,Wilmington
1975,104.1,Wilmington
1976,-3.7,Wilmington
1977,26.1,Wilmington
1978,54.9,Wilmington
1979,31.0,Wilmington
1980,3.3,Wilmington
1981,-14.8,Wilmington
1982,27.7,Wilmington
1983,93.6,Wilmington
1984,92.5,Wilmington
1985,55.4,Wilmington
1986,48.9,Wilmington
1987,54.3,Wilmington
1988,7.9,Wilmington
1989,53.4,Wilmington
1990,47.7,Wilmington
1991,92.2,Wilmington
1992,85.8,Wilmington
1993,93.3,Wilmington
1994,61.1,Wilmington
1995,137.9,Wilmington
1996,96.4,Wilmington
1997,88.1,Wilmington
1998,115.2,Wilmington
1999,147.6,Wilmington
2000,108.4,Wilmington
2001,56.2,Wilmington
2002,68.0,Wilmington
2003,109.8,Wilmington
2004,50.9,Wilmington
2005,101.7,Wilmington
2006,90.3,Wilmington
2007,64.6,Wilmington
2008,75.0,Wilmington
2009,122.3,Wilmington
2010,106.9,Wilmington
2011,80.1,Wilmington
2012,125.6,Wilmington
2013,128.0,Wilmington
2014,198.3,Wilmington
1964,0.0,Woods Hole
1965,-30.6,Woods Hole
1966,37.1,Woods Hole
1967,1.9,Woods Hole
1969,124.5,Woods Hole
1970,87.2,Woods Hole
1971,81.5,Woods Hole
1972,90.3,Woods Hole
1973,82.1,Woods Hole
1974,46.4,Woods Hole
1975,68.6,Woods Hole
1976,35.5,Woods Hole
1977,45.1,Woods Hole
1978,72.2,Woods Hole
1979,45.7,Woods Hole
1980,36.0,Woods Hole
1981,54.5,Woods Hole
1982,48.4,Woods Hole
1983,131.2,Woods Hole
1984,105.3,Woods Hole
1985,87.8,Woods Hole
1986,88.5,Woods Hole
1987,114.9,Woods Hole
1988,80.2,Woods Hole
1989,50.2,Woods Hole
1990,44.4,Woods Hole
1991,60.8,Woods Hole
1992,93.5,Woods Hole
1993,101.7,Woods Hole
1994,55.1,Woods Hole
1995,73.5,Woods Hole
1996,145.9,Woods Hole
1997,151.6,Woods Hole
1998,168.2,Woods Hole
1999,122.1,Woods Hole
2000,114.9,Woods Hole
2001,128.9,Woods Hole
2002,114.3,Woods Hole
2003,118.0,Woods Hole
2004,120.0,Woods Hole
2005,181.4,Woods Hole
2006,164.1,Woods Hole
2007,129.9,Woods Hole
2008,179.1,Woods Hole
2009,183.5,Woods Hole
2010,237.9,Woods Hole
2011,208.5,Woods Hole
2012,201.9,Woods Hole
2013,183.5,Woods Hole
2014,182.9,Woods Hole
1964,0.0,Yakutat
1965,85.1,Yakutat
1966,10.3,Yakutat
1967,20.0,Yakutat
1968,1.1,Yakutat
1969,12.9,Yakutat
1970,-20.4,Yakutat
1971,-80.1,Yakutat
1972,-112.5,Yakutat
1973,4.9,Yakutat
1974,-40.8,Yakutat
1975,-73.6,Yakutat
1976,-11.2,Yakutat
1977,-59.3,Yakutat
1978,-82.9,Yakutat
1979,-3.7,Yakutat
1980,-62.1,Yakutat
1981,-39.9,Yakutat
1982,-106.8,Yakutat
1983,-41.7,Yakutat
1984,-66.9,Yakutat
1985,-174.6,Yakutat
1986,-105.7,Yakutat
1987,-49.7,Yakutat
1988,-116.4,Yakutat
1989,-222.6,Yakutat
1990,-205.0,Yakutat
1991,-208.1,Yakutat
1992,-156.8,Yakutat
1993,-230.0,Yakutat
1994,-191.5,Yakutat
1995,-216.2,Yakutat
1996,-259.6,Yakutat
1997,-197.4,Yakutat
1998,-254.6,Yakutat
1999,-259.5,Yakutat
2000,-289.2,Yakutat
2001,-262.5,Yakutat
2002,-337.9,Yakutat
2003,-313.4,Yakutat
2004,-349.6,Yakutat
2005,-318.2,Yakutat
2006,-365.0,Yakutat
2007,-418.0,Yakutat
2008,-449.3,Yakutat
2009,-483.3,Yakutat
2010,-416.3,Yakutat
2011,-484.6,Yakutat
2012,-484.6,Yakutat
2013,-586.3,Yakutat
2014,-492.8,Yakutat
